-- Insert sample suppliers
INSERT INTO public.suppliers (id, name, email, phone, address, region, avg_delivery_days, price_rating, sla_rating, rating, price_competitiveness, reliability_score, total_orders) VALUES
('a0eebc99-9c0b-4ef8-bb6d-6bb9bd380a11', 'Tech Supply Co.', 'contact@techsupply.com', '123-456-7890', '101 Tech Lane, Silicon Valley, CA', 'North America', 7, 4, 5, 4.5, 90, 95, 150),
('b0eebc99-9c0b-4ef8-bb6d-6bb9bd380a12', 'Wearable Innovations', 'sales@wearableinnovations.com', '987-654-3210', '202 Gadget Blvd, Innovation City, NY', 'North America', 10, 3, 4, 3.5, 75, 88, 80),
('c0eebc99-9c0b-4ef8-bb6d-6bb9bd380a13', 'Office Comforts Inc.', 'info@officecomforts.com', '555-123-4567', '303 Chair St, Business Park, TX', 'North America', 14, 5, 4, 4.5, 95, 92, 60),
('d0eebc99-9c0b-4ef8-bb6d-6bb9bd380a14', 'Global Electronics Ltd.', 'support@globalelectronics.com', '44-20-7123-4567', '404 Circuit Lane, London, UK', 'Europe', 21, 4, 3, 3.5, 80, 70, 120),
('e0eebc99-9c0b-4ef8-bb6d-6bb9bd380a11', 'Global Fashion Supply Co.', 'orders@globalfashion.com', '+1-555-0101', '123 Fashion Ave, New York, NY', 'North America', 7, 4.2, 4.5, 4.3, 85, 92, 150),
('f0eebc99-9c0b-4ef8-bb6d-6bb9bd380a12', 'Asian Textile Partners', 'contact@asiantextile.com', '+86-555-0202', '456 Silk Road, Shanghai, China', 'Asia', 14, 3.8, 4.1, 3.9, 90, 88, 210),
('a0eebc99-9c0b-4ef8-bb6d-6bb9bd380a13', 'European Premium Goods', 'sales@europremium.eu', '+49-555-0303', '789 Quality St, Berlin, Germany', 'Europe', 10, 4.7, 4.8, 4.7, 75, 95, 80),
('b0eebc99-9c0b-4ef8-bb6d-6bb9bd380a17', 'Tech Components Co.', 'info@techcomp.com', '+1-555-0707', '789 Silicon Valley, CA', 'North America', 5, 4.6, 4.7, 4.6, 82, 94, 180),
('c0eebc99-9c0b-4ef8-bb6d-6bb9bd380a18', 'Luxury Leather Goods', 'contact@luxleather.com', '+33-555-0808', '1 Rue de la Paix, Paris, France', 'Europe', 10, 4.8, 4.9, 4.8, 70, 98, 60);

-- Insert sample buyers
INSERT INTO public.buyers (id, name, email, phone, address, created_at) VALUES
('e0eebc99-9c0b-4ef8-bb6d-6bb9bd380a15', 'Alice Johnson', 'alice.j@example.com', '111-222-3333', '123 Main St, Anytown, USA', '2023-01-15T00:00:00Z'),
('f0eebc99-9c0b-4ef8-bb6d-6bb9bd380a16', 'Bob Williams', 'bob.w@example.com', '444-555-6666', '456 Oak Ave, Somewhere, USA', '2023-02-20T00:00:00Z'),
('a0eebc99-9c0b-4ef8-bb6d-6bb9bd380a17', 'Charlie Brown', 'charlie.b@example.com', '777-888-9999', '789 Pine Ln, Nowhere, USA', '2023-03-10T00:00:00Z'),
('b0eebc99-9c0b-4ef8-bb6d-6bb9bd380a19', 'Sarah Johnson', 'sarah@retailchain.com', '+1-555-1001', 'Retail Chain Corp', '2023-01-01T00:00:00Z'),
('b0eebc99-9c0b-4ef8-bb6d-6bb9bd380a20', 'Michael Chen', 'mchen@fashionboutique.com', '+1-555-1002', 'Fashion Boutique LLC', '2023-01-02T00:00:00Z'),
('b0eebc99-9c0b-4ef8-bb6d-6bb9bd380a21', 'Emma Rodriguez', 'emma@trendystore.com', '+1-555-1003', 'Trendy Store Inc', '2023-01-03T00:00:00Z'),
('b0eebc99-9c0b-4ef8-bb6d-6bb9bd380a22', 'David Kim', 'david@luxurygoods.com', '+1-555-1004', 'Luxury Goods Ltd', '2023-01-04T00:00:00Z'),
('b0eebc99-9c0b-4ef8-bb6d-6bb9bd380a23', 'Lisa Thompson', 'lisa@casualwear.com', '+1-555-1005', 'Casual Wear Co', '2023-01-05T00:00:00Z'),
('b0eebc99-9c0b-4ef8-bb6d-6bb9bd380a24', 'Alex Green', 'alex@onlinefashion.com', '+1-555-1006', 'Online Fashion Hub', '2023-01-06T00:00:00Z'),
('b0eebc99-9c0b-4ef8-bb6d-6bb9bd380a25', 'Maria Garcia', 'maria@boutique.es', '+34-555-1007', 'Spanish Boutique', '2023-01-07T00:00:00Z'),
('b0eebc99-9c0b-4ef8-bb6d-6bb9bd380a26', 'Kenji Tanaka', 'kenji@jpnretail.jp', '+81-555-1008', 'Japan Retail Group', '2023-01-08T00:00:00Z');

-- Insert sample products
INSERT INTO public.products (id, name, description, price, category, sku, stock_quantity, supplier_id, created_at) VALUES
('a0eebc99-9c0b-4ef8-bb6d-6bb9bd380a18', 'Wireless Earbuds', 'High-fidelity wireless earbuds with noise cancellation.', 79.99, 'Electronics', 'ELEC-ERB-001', 50, 'a0eebc99-9c0b-4ef8-bb6d-6bb9bd380a11', '2023-01-01T00:00:00Z'),
('a0eebc99-9c0b-4ef8-bb6d-6bb9bd380a19', 'Smartwatch X', 'Advanced smartwatch with health tracking and long battery life.', 199.99, 'Wearables', 'WEAR-SMW-002', 120, 'b0eebc99-9c0b-4ef8-bb6d-6bb9bd380a12', '2023-01-05T00:00:00Z'),
('a0eebc99-9c0b-4ef8-bb6d-6bb9bd380a20', 'Portable Bluetooth Speaker', 'Compact and powerful speaker with deep bass.', 49.99, 'Audio', 'AUDI-SPK-003', 300, 'a0eebc99-9c0b-4ef8-bb6d-6bb9bd380a11', '2023-01-10T00:00:00Z'),
('a0eebc99-9c0b-4ef8-bb6d-6bb9bd380a21', 'Ergonomic Office Chair', 'Adjustable office chair for maximum comfort and support.', 249.99, 'Office Furniture', 'FURN-CHR-004', 80, 'c0eebc99-9c0b-4ef8-bb6d-6bb9bd380a13', '2023-01-12T00:00:00Z'),
('b0eebc99-9c0b-4ef8-bb6d-6bb9bd380a27', 'Cotton T-Shirt', 'Soft and comfortable cotton t-shirt.', 12.50, 'Apparel', 'SKU-001', 100, 'e0eebc99-9c0b-4ef8-bb6d-6bb9bd380a11', '2023-01-01T00:00:00Z'),
('b0eebc99-9c0b-4ef8-bb6d-6bb9bd380a28', 'Denim Jeans', 'Classic denim jeans with a comfortable fit.', 35.00, 'Apparel', 'SKU-002', 50, 'e0eebc99-9c0b-4ef8-bb6d-6bb9bd380a11', '2023-01-02T00:00:00Z'),
('b0eebc99-9c0b-4ef8-bb6d-6bb9bd380a29', 'Sun Hat', 'Stylish sun hat for summer protection.', 18.00, 'Accessories', 'SKU-003', 75, 'f0eebc99-9c0b-4ef8-bb6d-6bb9bd380a12', '2023-01-03T00:00:00Z'),
('b0eebc99-9c0b-4ef8-bb6d-6bb9bd380a30', 'Beach Bag', 'Durable beach bag for carrying essentials.', 22.50, 'Accessories', 'SKU-004', 60, 'f0eebc99-9c0b-4ef8-bb6d-6bb9bd380a12', '2023-01-04T00:00:00Z'),
('b0eebc99-9c0b-4ef8-bb6d-6bb9bd380a31', 'Leather Wallet', 'Stylish leather wallet for everyday use.', 85.00, 'Accessories', 'SKU-005', 40, 'a0eebc99-9c0b-4ef8-bb6d-6bb9bd380a13', '2023-01-05T00:00:00Z'),
('c0eebc99-9c0b-4ef8-bb6d-6bb9bd380a32', 'Leather Belt', 'Premium leather belt for a polished look.', 65.00, 'Accessories', 'SKU-006', 30, 'a0eebc99-9c0b-4ef8-bb6d-6bb9bd380a13', '2023-01-06T00:00:00Z'),
('a1eebc99-9c0b-4ef8-bb6d-6bb9bd380a33', 'Wool Sweater', 'Warm and cozy wool sweater for winter.', 75.00, 'Apparel', 'SKU-007', 80, 'e0eebc99-9c0b-4ef8-bb6d-6bb9bd380a11', '2023-01-07T00:00:00Z'),
('b1eebc99-9c0b-4ef8-bb6d-6bb9bd380a34', 'Winter Coat', 'Insulated winter coat for cold weather.', 150.00, 'Apparel', 'SKU-008', 40, 'e0eebc99-9c0b-4ef8-bb6d-6bb9bd380a11', '2023-01-08T00:00:00Z'),
('c1eebc99-9c0b-4ef8-bb6d-6bb9bd380a35', 'Vintage Watch', 'Classic vintage watch with intricate design.', 450.00, 'Accessories', 'SKU-R005', 1, 'd0eebc99-9c0b-4ef8-bb6d-6bb9bd380a14', '2023-01-09T00:00:00Z'),
('d1eebc99-9c0b-4ef8-bb6d-6bb9bd380a36', 'Bluetooth Speaker', 'Portable Bluetooth speaker with clear sound.', 75.00, 'Electronics', 'SKU-R007', 1, 'a0eebc99-9c0b-4ef8-bb6d-6bb9bd380a11', '2023-01-10T00:00:00Z'),
('e1eebc99-9c0b-4ef8-bb6d-6bb9bd380a37', 'Silk Scarf', 'Elegant silk scarf for any occasion.', 100.00, 'Accessories', 'SKU-R008', 1, 'a0eebc99-9c0b-4ef8-bb6d-6bb9bd380a13', '2023-01-11T00:00:00Z'),
('f1eebc99-9c0b-4ef8-bb6d-6bb9bd380a38', 'Winter Boots', 'Warm and durable winter boots.', 120.00, 'Footwear', 'SKU-R009', 1, 'c0eebc99-9c0b-4ef8-bb6d-6bb9bd380a13', '2023-01-12T00:00:00Z'),
('d1eebc99-9c0b-4ef8-bb6d-6bb9bd380a39', 'Coffee Maker', 'Compact coffee maker with a carafe.', 90.00, 'Home & Garden', 'SKU-R010', 1, 'd0eebc99-9c0b-4ef8-bb6d-6bb9bd380a14', '2023-01-13T00:00:00Z');

-- Insert sample purchase orders
INSERT INTO public.purchase_orders (id, po_number, supplier_id, buyer_id, subject, items, items_count, total_amount, status, created_at, sent_at, expected_delivery_date, negotiation_terms) VALUES
('a0eebc99-9c0b-4ef8-bb6d-6bb9bd380a22', 'PO-2023-001', 'a0eebc99-9c0b-4ef8-bb6d-6bb9bd380a11', 'e0eebc99-9c0b-4ef8-bb6d-6bb9bd380a15', 'Initial Stock Order - Wireless Earbuds', '[{"product_id": "a0eebc99-9c0b-4ef8-bb6d-6bb9bd380a18", "product_name": "Wireless Earbuds", "quantity": 100, "unit_price": 75.0}]', 1, 7500.0, 'sent', '2023-03-01T10:00:00Z', '2023-03-02T11:00:00Z', '2023-03-09T00:00:00Z', 'Standard 30-day payment terms, 2% discount for early payment.'),
('b0eebc99-9c0b-4ef8-bb6d-6bb9bd380a23', 'PO-2023-002', 'b0eebc99-9c0b-4ef8-bb6d-6bb9bd380a12', 'f0eebc99-9c0b-4ef8-bb6d-6bb9bd380a16', 'Restock Order - Smartwatch X', '[{"product_id": "a0eebc99-9c0b-4ef8-bb6d-6bb9bd380a19", "product_name": "Smartwatch X", "quantity": 50, "unit_price": 190.0}]', 1, 9500.0, 'draft', '2023-03-05T14:30:00Z', NULL, NULL, 'Seeking 5% bulk discount for orders over 50 units.'),
('c0eebc99-9c0b-4ef8-bb6d-6bb9bd380a24', 'PO-2023-003', 'a0eebc99-9c0b-4ef8-bb6d-6bb9bd380a11', 'e0eebc99-9c0b-4ef8-bb6d-6bb9bd380a15', 'Portable Speaker Replenishment', '[{"product_id": "a0eebc99-9c0b-4ef8-bb6d-6bb9bd380a20", "product_name": "Portable Bluetooth Speaker", "quantity": 200, "unit_price": 45.0}]', 1, 9000.0, 'received', '2023-02-10T09:00:00Z', '2023-02-11T10:00:00Z', '2023-02-18T00:00:00Z', 'Net 60 payment terms.'),
('d0eebc99-9c0b-4ef8-bb6d-6bb9bd380a25', 'PO-2023-004', 'c0eebc99-9c0b-4ef8-bb6d-6bb9bd380a13', 'a0eebc99-9c0b-4ef8-bb6d-6bb9bd380a17', 'New Office Chair Order', '[{"product_id": "a0eebc99-9c0b-4ef8-bb6d-6bb9bd380a21", "product_name": "Ergonomic Office Chair", "quantity": 30, "unit_price": 240.0}]', 1, 7200.0, 'pending', '2023-03-15T16:00:00Z', '2023-03-16T09:00:00Z', '2023-03-30T00:00:00Z', 'Free shipping for orders over $5000.'),
('e0eebc99-9c0b-4ef8-bb6d-6bb9bd380a27', 'PO-2024-002', 'f0eebc99-9c0b-4ef8-bb6d-6bb9bd380a12', 'b0eebc99-9c0b-4ef8-bb6d-6bb9bd380a20', 'Summer Accessories Order', '[{"product_id": "b0eebc99-9c0b-4ef8-bb6d-6bb9bd380a29", "product_name": "Sun Hat", "quantity": 75, "unit_price": 18.00}, {"product_id": "b0eebc99-9c0b-4ef8-bb6d-6bb9bd380a30", "product_name": "Beach Bag", "quantity": 60, "unit_price": 22.50}]', 2, 8900.00, 'sent', '2024-01-20T00:00:00Z', '2024-01-21T11:00:00Z', '2024-01-28T00:00:00Z', 'FOB shipping, quality inspection required'),
('f0eebc99-9c0b-4ef8-bb6d-6bb9bd380a28', 'PO-2024-003', 'a0eebc99-9c0b-4ef8-bb6d-6bb9bd380a13', NULL, 'Premium Leather Goods', '[{"product_id": "b0eebc99-9c0b-4ef8-bb6d-6bb9bd380a31", "product_name": "Leather Wallet", "quantity": 40, "unit_price": 85.00}, {"product_id": "c0eebc99-9c0b-4ef8-bb6d-6bb9bd380a32", "product_name": "Leather Belt", "quantity": 30, "unit_price": 65.00}]', 2, 12400.00, 'draft', '2024-01-25T00:00:00Z', NULL, NULL, 'Premium quality standards, extended warranty'),
('a0eebc99-9c0b-4ef8-bb6d-6bb9bd380a29', 'PO-2024-004', 'e0eebc99-9c0b-4ef8-bb6d-6bb9bd380a11', 'b0eebc99-9c0b-4ef8-bb6d-6bb9bd380a21', 'Winter Apparel Order', '[{"product_id": "a1eebc99-9c0b-4ef8-bb6d-6bb9bd380a33", "product_name": "Wool Sweater", "quantity": 80, "unit_price": 75.00}, {"product_id": "b1eebc99-9c0b-4ef8-bb6d-6bb9bd380a34", "product_name": "Winter Coat", "quantity": 40, "unit_price": 150.00}]', 2, 22000.00, 'pending', '2024-01-30T00:00:00Z', '2024-02-02T09:30:00Z', '2024-02-09T00:00:00Z', 'Payment upon delivery, 2% discount for bulk');

-- Insert sample return items
INSERT INTO public.return_items (id, order_id, product_id, product_name, return_reason, purchase_date, category, notes, condition, images, eligibility_status, classification_ai, resale_platform_ai, created_at) VALUES
('d0eebc99-9c0b-4ef8-bb6d-6bb9bd380a26', 'ORD-ABC-123', 'a0eebc99-9c0b-4ef8-bb6d-6bb9bd380a19', 'Smartwatch X', 'Defective', '2023-01-20', 'Electronics', 'Screen flickering intermittently.', 'damaged', ARRAY['/placeholder.svg?height=100&width=100'], 'pending', NULL, NULL, '2023-02-01T00:00:00Z'),
('e0eebc99-9c0b-4ef8-bb6d-6bb9bd380a27', 'ORD-DEF-456', 'a0eebc99-9c0b-4ef8-bb6d-6bb9bd380a18', 'Wireless Earbuds', 'Changed mind', '2023-02-10', 'Audio', 'Customer decided they preferred over-ear headphones.', 'new', '{}', 'approved', 'Resalable', 'Direct-to-consumer website', '2023-02-15T00:00:00Z'),
('f0eebc99-9c0b-4ef8-bb6d-6bb9bd380a28', 'ORD-GHI-789', 'a0eebc99-9c0b-4ef8-bb6d-6bb9bd380a20', 'Portable Bluetooth Speaker', 'Not as described', '2023-03-01', 'Audio', 'Sound quality not as expected.', 'used', ARRAY['/placeholder.svg?height=100&width=100'], 'rejected', 'Refurbishable', 'Electronics Refurbisher', '2023-03-05T00:00:00Z'),
('a0eebc99-9c0b-4ef8-bb6d-6bb9bd380a29', 'ORD-001', 'b0eebc99-9c0b-4ef8-bb6d-6bb9bd380a27', 'Blue Cotton Dress', 'Size too small', '2024-01-15', 'Apparel', 'Customer ordered wrong size, item in perfect condition', 'new', ARRAY['/placeholder.svg?height=100&width=100', '/placeholder.svg?height=100&width=100'], 'eligible', NULL, NULL, '2024-01-16T10:00:00Z'),
('b0eebc99-9c0b-4ef8-bb6d-6bb9bd380a30', 'ORD-002', 'b0eebc99-9c0b-4ef8-bb6d-6bb9bd380a28', 'Red Sneakers', 'Defective sole', '2024-01-20', 'Footwear', 'Manufacturing defect on left shoe sole', 'fair', ARRAY['/placeholder.svg?height=100&width=100'], 'eligible', NULL, NULL, '2024-01-21T11:00:00Z'),
('c0eebc99-9c0b-4ef8-bb6d-6bb9bd380a31', 'ORD-003', 'b0eebc99-9c0b-4ef8-bb6d-6bb9bd380a31', 'Designer Handbag', 'Changed mind', '2024-01-25', 'Accessories', 'Customer no longer wants item, minimal wear', 'excellent', ARRAY['/placeholder.svg?height=100&width=100', '/placeholder.svg?height=100&width=100'], 'eligible', NULL, NULL, '2024-01-26T09:30:00Z'),
('d0eebc99-9c0b-4ef8-bb6d-6bb9bd380a32', 'ORD-004', 'b0eebc99-9c0b-4ef8-bb6d-6bb9bd380a27', 'Wool Sweater', 'Arrived damaged', '2024-01-30', 'Apparel', 'Significant tear in fabric, likely shipping damage', 'poor', ARRAY['/placeholder.svg?height=100&width=100'], 'flagged', NULL, NULL, '2024-02-01T14:00:00Z'),
('e0eebc99-9c0b-4ef8-bb6d-6bb9bd380a33', 'ORD-005', 'c1eebc99-9c0b-4ef8-bb6d-6bb9bd380a35', 'Vintage Watch', 'Not as described', '2024-02-01', 'Accessories', 'Authenticity concerns raised by customer', 'good', ARRAY['/placeholder.svg?height=100&width=100'], 'flagged', NULL, NULL, '2024-02-02T09:30:00Z'),
('f0eebc99-9c0b-4ef8-bb6d-6bb9bd380a34', 'ORD-006', 'a0eebc99-9c0b-4ef8-bb6d-6bb9bd380a18', 'Yoga Mat', 'Wrong color', '2024-02-05', 'Sports', 'Customer received blue instead of green, unused', 'new', ARRAY['/placeholder.svg?height=100&width=100'], 'eligible', NULL, NULL, '2024-02-06T11:00:00Z'),
('a2eebc99-9c0b-4ef8-bb6d-6bb9bd380a35', 'ORD-007', 'd1eebc99-9c0b-4ef8-bb6d-6bb9bd380a36', 'Bluetooth Speaker', 'Sound distortion', '2024-02-10', 'Electronics', 'Crackling sound at high volume', 'fair', ARRAY['/placeholder.svg?height=100&width=100'], 'eligible', NULL, NULL, '2024-02-11T14:00:00Z'),
('b2eebc99-9c0b-4ef8-bb6d-6bb9bd380a36', 'ORD-008', 'b0eebc99-9c0b-4ef8-bb6d-6bb9bd380a31', 'Silk Scarf', 'Stain', '2024-02-15', 'Accessories', 'Small coffee stain, difficult to remove', 'poor', ARRAY['/placeholder.svg?height=100&width=100'], 'flagged', NULL, NULL, '2024-02-16T09:30:00Z'),
('c2eebc99-9c0b-4ef8-bb6d-6bb9bd380a37', 'ORD-009', 'c0eebc99-9c0b-4ef8-bb6d-6bb9bd380a32', 'Designer Handbag', 'Too tight', '2024-02-20', 'Footwear', 'Customer found them too narrow, worn once indoors', 'excellent', ARRAY['/placeholder.svg?height=100&width=100'], 'eligible', NULL, NULL, '2024-02-21T14:00:00Z'),
('d2eebc99-9c0b-4ef8-bb6d-6bb9bd380a38', 'ORD-010', 'd1eebc99-9c0b-4ef8-bb6d-6bb9bd380a39', 'Coffee Maker', 'Missing part', '2024-02-25', 'Home & Garden', 'Missing carafe, box damaged', 'good', ARRAY['/placeholder.svg?height=100&width=100'], 'flagged', NULL, NULL, '2024-02-26T09:30:00Z');

-- Insert sample resale items
INSERT INTO public.resale_items (return_item_id, product_name, platform, listing_price, current_status, sold_price, profit_margin, platform_listing_id, listed_at, sold_at) VALUES
((SELECT id FROM return_items WHERE product_id = 'b0eebc99-9c0b-4ef8-bb6d-6bb9bd380a31' LIMIT 1), 'Designer Handbag', 'therealreal', 299.99, 'listed', NULL, NULL, 'TRRLSTG123', '2024-03-01 10:00:00+00', NULL),
((SELECT id FROM return_items WHERE product_id = 'b0eebc99-9c0b-4ef8-bb6d-6bb9bd380a27' LIMIT 1), 'Blue Cotton Dress', 'shopify', 45.99, 'sold', 40.00, 75.00, 'SHPLSTG456', '2024-02-01 11:30:00+00', '2024-02-10 14:00:00+00'),
((SELECT id FROM return_items WHERE product_id = 'a0eebc99-9c0b-4ef8-bb6d-6bb9bd380a18' LIMIT 1), 'Wireless Earbuds', 'shopify', 25.00, 'listed', NULL, NULL, 'SHPLSTG789', '2024-02-06 09:00:00+00', NULL),
((SELECT id FROM return_items WHERE product_id = 'c0eebc99-9c0b-4ef8-bb6d-6bb9bd380a32' LIMIT 1), 'Winter Boots', 'poshmark', 120.00, 'listed', NULL, NULL, 'POSHLSTG012', '2024-02-22 16:00:00+00', NULL);

-- Insert sample restock recommendations
INSERT INTO public.restock_recommendations (id, product_id, product_name, current_stock, recommended_quantity, confidence_score, urgency, predicted_stockout_date, supplier_id, supplier_name, ai_reasoning, status, created_at) VALUES
('a0eebc99-9c0b-4ef8-bb6d-6bb9bd380a29', 'a0eebc99-9c0b-4ef8-bb6d-6bb9bd380a18', 'Wireless Earbuds', 50, 200, 0.95, 'high', '2023-08-05T00:00:00Z', 'a0eebc99-9c0b-4ef8-bb6d-6bb9bd380a11', 'Tech Supply Co.', 'High sales velocity and low current stock. Predicted stockout in 7 days.', 'active', '2023-07-29T00:00:00Z'),
('b0eebc99-9c0b-4ef8-bb6d-6bb9bd380a30', 'a0eebc99-9c0b-4ef8-bb6d-6bb9bd380a19', 'Smartwatch X', 120, 100, 0.88, 'medium', '2023-08-20T00:00:00Z', 'b0eebc99-9c0b-4ef8-bb6d-6bb9bd380a12', 'Wearable Innovations', 'Steady sales, but upcoming seasonal demand spike expected. Replenish soon.', 'active', '2023-07-29T00:00:00Z'),
('a0eebc99-9c0b-4ef8-bb6d-6bb9bd380a31', 'a0eebc99-9c0b-4ef8-bb6d-6bb9bd380a20', 'Portable Bluetooth Speaker', 300, 50, 0.75, 'low', '2023-09-15T00:00:00Z', 'a0eebc99-9c0b-4ef8-bb6d-6bb9bd380a11', 'Tech Supply Co.', 'Stable demand, current stock sufficient for next month. Small top-up recommended.', 'active', '2023-07-29T00:00:00Z'),
('b0eebc99-9c0b-4ef8-bb6d-6bb9bd380a32', 'a0eebc99-9c0b-4ef8-bb6d-6bb9bd380a21', 'Ergonomic Office Chair', 80, 70, 0.92, 'high', '2023-08-08T00:00:00Z', 'c0eebc99-9c0b-4ef8-bb6d-6bb9bd380a13', 'Office Comforts Inc.', 'Consistent demand, stock levels dropping faster than anticipated.', 'active', '2023-07-29T00:00:00Z');
